USE restaurant_management_system;
INSERT INTO Customers (Customer_ID, First_Name, Last_Name, DOB, Gender, Contact_Number, Email) VALUES
(1, 'Alice', 'Brown', '1985-04-12', 'F', '5551000001', 'alice.brown@example.com'),
(2, 'Bob', 'Smith', '1978-09-23', 'M', '5551000002', 'bob.smith@example.com'),
(3, 'Carol', 'Johnson', '1990-03-15', 'F', '5551000003', 'carol.johnson@example.com'),
(4, 'David', 'Lee', '1982-11-30', 'M', '5551000004', 'david.lee@example.com'),
(5, 'Eva', 'Martinez', '1995-07-19', 'F', '5551000005', 'eva.martinez@example.com'),
(6, 'Frank', 'Miller', '1987-02-25', 'M', '5551000006', 'frank.miller@example.com'),
(7, 'Grace', 'Davis', '1992-06-17', 'F', '5551000007', 'grace.davis@example.com'),
(8, 'Henry', 'Garcia', '1980-12-05', 'M', '5551000008', 'henry.garcia@example.com'),
(9, 'Irene', 'Rodriguez', '1993-08-21', 'F', '5551000009', 'irene.rodriguez@example.com'),
(10, 'Jack', 'Wilson', '1986-10-30', 'M', '5551000010', 'jack.wilson@example.com'),
(11, 'Karen', 'Martinez', '1989-01-11', 'F', '5551000011', 'karen.martinez@example.com'),
(12, 'Leo', 'Anderson', '1977-04-05', 'M', '5551000012', 'leo.anderson@example.com'),
(13, 'Mia', 'Thomas', '1994-09-14', 'F', '5551000013', 'mia.thomas@example.com'),
(14, 'Nick', 'Taylor', '1983-03-22', 'M', '5551000014', 'nick.taylor@example.com'),
(15, 'Olivia', 'Harris', '1991-07-08', 'F', '5551000015', 'olivia.harris@example.com'),
(16, 'Paul', 'Clark', '1984-05-16', 'M', '5551000016', 'paul.clark@example.com'),
(17, 'Quinn', 'Lewis', '1996-11-03', 'F', '5551000017', 'quinn.lewis@example.com'),
(18, 'Rose', 'Robinson', '1988-02-28', 'F', '5551000018', 'rose.robinson@example.com'),
(19, 'Steve', 'Walker', '1979-12-17', 'M', '5551000019', 'steve.walker@example.com'),
(20, 'Tina', 'Young', '1990-06-06', 'F', '5551000020', 'tina.young@example.com');
INSERT INTO Customer_Addresses (Address_ID, Customer_ID, Address_Line1, Address_Line2, City, State, ZIP_Code) VALUES
(1, 1, '101 Main St', 'Apt 1A', 'Springfield', 'IL', '62701'),
(2, 2, '202 Oak Ave', 'Suite 200', 'Springfield', 'IL', '62702'),
(3, 3, '303 Pine Rd', '', 'Springfield', 'IL', '62703'),
(4, 4, '404 Maple Blvd', 'Unit 4', 'Springfield', 'IL', '62704'),
(5, 5, '505 Cedar Ln', '', 'Springfield', 'IL', '62705'),
(6, 6, '606 Birch Dr', 'Apt 6B', 'Springfield', 'IL', '62706'),
(7, 7, '707 Walnut St', '', 'Springfield', 'IL', '62707'),
(8, 8, '808 Chestnut Ave', 'Floor 2', 'Springfield', 'IL', '62708'),
(9, 9, '909 Elm St', '', 'Springfield', 'IL', '62709'),
(10, 10, '1010 Poplar Rd', 'Unit 10', 'Springfield', 'IL', '62710'),
(11, 11, '1111 Spruce St', '', 'Springfield', 'IL', '62711'),
(12, 12, '1212 Fir Ave', 'Apt 12C', 'Springfield', 'IL', '62712'),
(13, 13, '1313 Redwood Blvd', '', 'Springfield', 'IL', '62713'),
(14, 14, '1414 Cypress Ln', 'Suite 14', 'Springfield', 'IL', '62714'),
(15, 15, '1515 Palm Dr', '', 'Springfield', 'IL', '62715'),
(16, 16, '1616 Magnolia Ave', 'Apt 16D', 'Springfield', 'IL', '62716'),
(17, 17, '1717 Hickory St', '', 'Springfield', 'IL', '62717'),
(18, 18, '1818 Willow Rd', 'Unit 18', 'Springfield', 'IL', '62718'),
(19, 19, '1919 Ash St', '', 'Springfield', 'IL', '62719'),
(20, 20, '2020 Olive Ave', 'Apt 20E', 'Springfield', 'IL', '62720');
INSERT INTO Employees (Employee_ID, First_Name, Last_Name, Role, Contact_Number, Email, Salary, Hire_Date) VALUES
(1, 'John', 'Doe', 'Server', '5552000001', 'john.doe@restaurant.com', 30000.00, '2020-01-15'),
(2, 'Jane', 'Smith', 'Chef', '5552000002', 'jane.smith@restaurant.com', 45000.00, '2019-03-20'),
(3, 'Mike', 'Johnson', 'Manager', '5552000003', 'mike.johnson@restaurant.com', 60000.00, '2018-07-01'),
(4, 'Sara', 'Williams', 'Bartender', '5552000004', 'sara.williams@restaurant.com', 32000.00, '2021-05-10'),
(5, 'Tom', 'Brown', 'Server', '5552000005', 'tom.brown@restaurant.com', 30000.00, '2020-11-25'),
(6, 'Linda', 'Davis', 'Host', '5552000006', 'linda.davis@restaurant.com', 28000.00, '2021-02-14'),
(7, 'Robert', 'Miller', 'Chef', '5552000007', 'robert.miller@restaurant.com', 47000.00, '2019-08-30'),
(8, 'Emily', 'Wilson', 'Server', '5552000008', 'emily.wilson@restaurant.com', 31000.00, '2020-06-05'),
(9, 'Steven', 'Moore', 'Manager', '5552000009', 'steven.moore@restaurant.com', 62000.00, '2017-12-01'),
(10, 'Olivia', 'Taylor', 'Bartender', '5552000010', 'olivia.taylor@restaurant.com', 33000.00, '2021-07-15'),
(11, 'Daniel', 'Anderson', 'Server', '5552000011', 'daniel.anderson@restaurant.com', 30000.00, '2020-03-03'),
(12, 'Megan', 'Thomas', 'Chef', '5552000012', 'megan.thomas@restaurant.com', 46000.00, '2019-09-10'),
(13, 'George', 'Jackson', 'Host', '5552000013', 'george.jackson@restaurant.com', 29000.00, '2021-01-20'),
(14, 'Natalie', 'White', 'Server', '5552000014', 'natalie.white@restaurant.com', 30500.00, '2020-04-18'),
(15, 'Kevin', 'Harris', 'Manager', '5552000015', 'kevin.harris@restaurant.com', 63000.00, '2018-11-11'),
(16, 'Laura', 'Martin', 'Bartender', '5552000016', 'laura.martin@restaurant.com', 32000.00, '2021-03-22'),
(17, 'Brian', 'Thompson', 'Server', '5552000017', 'brian.thompson@restaurant.com', 30000.00, '2020-08-09'),
(18, 'Samantha', 'Garcia', 'Chef', '5552000018', 'samantha.garcia@restaurant.com', 45500.00, '2019-05-27'),
(19, 'Patrick', 'Martinez', 'Host', '5552000019', 'patrick.martinez@restaurant.com', 28500.00, '2021-06-30'),
(20, 'Rebecca', 'Robinson', 'Server', '5552000020', 'rebecca.robinson@restaurant.com', 30000.00, '2020-10-05');
INSERT INTO Reservations (Reservation_ID, Customer_ID, Reservation_Date, Reservation_Time, Number_Of_People, Status, Special_Request) VALUES
(1, 1, '2025-04-01', '19:00:00', 2, 'Confirmed', 'Window seat'),
(2, 2, '2025-04-02', '20:00:00', 4, 'Pending', 'Birthday celebration'),
(3, 3, '2025-04-03', '18:30:00', 3, 'Confirmed', 'Anniversary'),
(4, 4, '2025-04-04', '21:00:00', 2, 'Cancelled', 'None'),
(5, 5, '2025-04-05', '19:30:00', 5, 'Confirmed', 'High chair needed'),
(6, 6, '2025-04-06', '18:45:00', 2, 'Confirmed', 'Quiet corner'),
(7, 7, '2025-04-07', '20:15:00', 3, 'Pending', 'Birthday cake'),
(8, 8, '2025-04-08', '19:15:00', 4, 'Confirmed', 'Outdoor seating'),
(9, 9, '2025-04-09', '20:45:00', 2, 'Confirmed', 'Near band'),
(10, 10, '2025-04-10', '19:50:00', 6, 'Pending', 'Extra space'),
(11, 11, '2025-04-11', '18:55:00', 2, 'Confirmed', 'Window view'),
(12, 12, '2025-04-12', '20:05:00', 3, 'Confirmed', 'Quiet table'),
(13, 13, '2025-04-13', '19:25:00', 4, 'Pending', 'Birthday decor'),
(14, 14, '2025-04-14', '20:35:00', 2, 'Cancelled', 'None'),
(15, 15, '2025-04-15', '19:40:00', 5, 'Confirmed', 'Wheelchair access'),
(16, 16, '2025-04-16', '18:40:00', 2, 'Confirmed', 'Corner booth'),
(17, 17, '2025-04-17', '20:20:00', 3, 'Pending', 'Surprise arrangement'),
(18, 18, '2025-04-18', '19:10:00', 4, 'Confirmed', 'Quiet area'),
(19, 19, '2025-04-19', '20:55:00', 2, 'Confirmed', 'High table'),
(20, 20, '2025-04-20', '19:35:00', 6, 'Pending', 'Extra chairs');
INSERT INTO Menu_Categories (Category_ID, Category_Name, Description) VALUES
(1, 'Appetizers', 'Starters to begin your meal'),
(2, 'Main Course', 'Hearty and fulfilling main dishes'),
(3, 'Desserts', 'Sweet treats to end your meal'),
(4, 'Beverages', 'Refreshing drinks'),
(5, 'Salads', 'Fresh and healthy salads'),
(6, 'Soups', 'Warm and comforting soups'),
(7, 'Sandwiches', 'Quick and tasty sandwiches'),
(8, 'Pizzas', 'Variety of pizzas with different toppings'),
(9, 'Pastas', 'Italian-style pasta dishes'),
(10, 'Burgers', 'Juicy burgers with various fillings'),
(11, 'Seafood', 'Fresh seafood dishes'),
(12, 'Vegetarian', 'Meat-free meal options'),
(13, 'Vegan', 'Completely plant-based dishes'),
(14, 'Grill', 'Grilled specialties and BBQ items'),
(15, 'Specials', 'Daily or seasonal specials'),
(16, 'Breakfast', 'Morning favorites'),
(17, 'Lunch', 'Midday meals'),
(18, 'Dinner', 'Evening dining options'),
(19, 'Kids', 'Child-friendly meals'),
(20, 'Snacks', 'Light bites and quick snacks');
INSERT INTO Menu_Items (Item_ID, Category_ID, Item_Name, Description, Price, Availability_Status) VALUES
(1, 1, 'Bruschetta', 'Toasted bread with tomatoes and basil', 7.50, 'Available'),
(2, 1, 'Mozzarella Sticks', 'Fried cheese sticks with marinara sauce', 6.50, 'Available'),
(3, 2, 'Grilled Salmon', 'Salmon fillet with lemon butter sauce', 18.00, 'Available'),
(4, 2, 'Ribeye Steak', 'Juicy ribeye steak with herb butter', 25.00, 'Available'),
(5, 3, 'Cheesecake', 'Creamy cheesecake with graham cracker crust', 8.00, 'Available'),
(6, 3, 'Chocolate Lava Cake', 'Warm cake with a molten center', 9.00, 'Available'),
(7, 4, 'Iced Tea', 'Refreshing iced tea with lemon', 3.50, 'Available'),
(8, 4, 'Fresh Lemonade', 'Hand-squeezed lemonade', 4.00, 'Available'),
(9, 5, 'Caesar Salad', 'Classic salad with romaine and croutons', 7.00, 'Available'),
(10, 6, 'Tomato Soup', 'Smooth tomato soup with basil', 5.50, 'Available'),
(11, 7, 'Club Sandwich', 'Triple-layer sandwich with turkey and bacon', 10.00, 'Available'),
(12, 8, 'Margherita Pizza', 'Pizza with tomato, mozzarella, and basil', 12.00, 'Available'),
(13, 9, 'Spaghetti Carbonara', 'Pasta with pancetta and creamy sauce', 14.00, 'Available'),
(14, 10, 'Classic Burger', 'Beef burger with lettuce, tomato, and cheese', 11.00, 'Available'),
(15, 11, 'Grilled Shrimp', 'Seasoned shrimp grilled to perfection', 16.00, 'Available'),
(16, 12, 'Veggie Stir-Fry', 'Mixed vegetables in a savory sauce', 13.00, 'Available'),
(17, 13, 'Vegan Wrap', 'Whole wheat wrap with hummus and veggies', 9.50, 'Available'),
(18, 14, 'BBQ Chicken', 'Grilled chicken with BBQ sauce', 15.00, 'Available'),
(19, 15, 'Chef Special Pasta', 'Seasonal pasta with special ingredients', 17.00, 'Available'),
(20, 20, 'Nachos', 'Tortilla chips with cheese and salsa', 8.50, 'Available');
INSERT INTO Orders (Order_ID, Customer_ID, Employee_ID, Order_Date, Order_Time, Total_Amount, Payment_Status, Order_Status) VALUES
(1, 1, 1, '2025-04-01', '19:05:00', 45.00, 'Paid', 'Completed'),
(2, 2, 2, '2025-04-02', '20:10:00', 90.00, 'Unpaid', 'In Progress'),
(3, 3, 3, '2025-04-03', '18:35:00', 60.00, 'Paid', 'Completed'),
(4, 4, 4, '2025-04-04', '21:05:00', 30.00, 'Paid', 'Completed'),
(5, 5, 5, '2025-04-05', '19:40:00', 120.00, 'Unpaid', 'In Progress'),
(6, 6, 6, '2025-04-06', '18:50:00', 55.00, 'Paid', 'Completed'),
(7, 7, 7, '2025-04-07', '20:20:00', 75.00, 'Paid', 'Completed'),
(8, 8, 8, '2025-04-08', '19:15:00', 65.00, 'Unpaid', 'In Progress'),
(9, 9, 9, '2025-04-09', '20:00:00', 80.00, 'Paid', 'Completed'),
(10, 10, 10, '2025-04-10', '19:50:00', 100.00, 'Unpaid', 'In Progress'),
(11, 11, 11, '2025-04-11', '18:55:00', 42.00, 'Paid', 'Completed'),
(12, 12, 12, '2025-04-12', '20:05:00', 68.00, 'Paid', 'Completed'),
(13, 13, 13, '2025-04-13', '19:25:00', 95.00, 'Unpaid', 'In Progress'),
(14, 14, 14, '2025-04-14', '20:35:00', 50.00, 'Paid', 'Completed'),
(15, 15, 15, '2025-04-15', '19:40:00', 110.00, 'Unpaid', 'In Progress'),
(16, 16, 16, '2025-04-16', '18:40:00', 78.00, 'Paid', 'Completed'),
(17, 17, 17, '2025-04-17', '20:20:00', 88.00, 'Unpaid', 'In Progress'),
(18, 18, 18, '2025-04-18', '19:10:00', 66.00, 'Paid', 'Completed'),
(19, 19, 19, '2025-04-19', '20:55:00', 52.00, 'Paid', 'Completed'),
(20, 20, 20, '2025-04-20', '19:35:00', 99.00, 'Unpaid', 'In Progress');
INSERT INTO Order_Items (OrderItem_ID, Order_ID, Item_ID, Quantity, Item_Price) VALUES
(1, 1, 1, 2, 7.50),
(2, 2, 3, 1, 18.00),
(3, 3, 2, 1, 6.50),
(4, 4, 4, 1, 25.00),
(5, 5, 5, 2, 8.00),
(6, 6, 7, 1, 3.50),
(7, 7, 9, 2, 7.00),
(8, 8, 10, 1, 5.50),
(9, 9, 12, 1, 12.00),
(10, 10, 14, 1, 11.00),
(11, 11, 6, 1, 9.00),
(12, 12, 8, 1, 4.00),
(13, 13, 13, 1, 14.00),
(14, 14, 15, 1, 16.00),
(15, 15, 16, 1, 13.00),
(16, 16, 17, 2, 9.50),
(17, 17, 18, 1, 15.00),
(18, 18, 19, 1, 17.00),
(19, 19, 20, 1, 8.50),
(20, 20, 11, 1, 10.00);
INSERT INTO Suppliers (Supplier_ID, Supplier_Name, Contact_Number, Email, Address, Product_Category) VALUES
(1, 'FreshFoods Inc.', '5553000001', 'contact@freshfoods.com', '100 Supply St, Foodtown', 'Produce'),
(2, 'Quality Meats', '5553000002', 'sales@qualitymeats.com', '200 Butcher Ave, Meatcity', 'Meat'),
(3, 'Dairy Best', '5553000003', 'info@dairybest.com', '300 Milk Rd, Dairyville', 'Dairy'),
(4, 'Beverage World', '5553000004', 'hello@beverageworld.com', '400 Drink Blvd, Beertown', 'Beverages'),
(5, 'Bakery Supplies', '5553000005', 'support@bakerysupplies.com', '500 Flour Ln, Bakecity', 'Baking'),
(6, 'Organic Farms', '5553000006', 'contact@organicfarms.com', '600 Farm Rd, Greentown', 'Produce'),
(7, 'Seafood Direct', '5553000007', 'sales@seafooddirect.com', '700 Ocean Ave, Seaville', 'Seafood'),
(8, 'Spice Hub', '5553000008', 'info@spicehub.com', '800 Spice St, Flavorcity', 'Spices'),
(9, 'Global Grains', '5553000009', 'contact@globalgrains.com', '900 Grain Blvd, Cerealsville', 'Grains'),
(10, 'Beverage Central', '5553000010', 'sales@beveragecentral.com', '1010 Drink Rd, Beertown', 'Beverages'),
(11, 'Quality Cheeses', '5553000011', 'info@qualitycheeses.com', '1111 Dairy Ln, Cheesetown', 'Dairy'),
(12, 'Herb n\' Spice', '5553000012', 'contact@herbnspice.com', '1212 Herb Ave, Flavorcity', 'Spices'),
(13, 'Farm Fresh', '5553000013', 'sales@farmfresh.com', '1313 Fresh Rd, Greentown', 'Produce'),
(14, 'Meat Masters', '5553000014', 'info@meatmasters.com', '1414 Carnivore Ct, Meatcity', 'Meat'),
(15, 'Bakery Best', '5553000015', 'contact@bakerybest.com', '1515 Sweet St, Bakecity', 'Baking'),
(16, 'Oceanic Supply', '5553000016', 'sales@oceanicsupply.com', '1616 Sea Rd, Seaville', 'Seafood'),
(17, 'Grain Global', '5553000017', 'info@grainglobal.com', '1717 Cereal Blvd, Cerealsville', 'Grains'),
(18, 'Vegan Valley', '5553000018', 'contact@veganvalley.com', '1818 Green Ln, Veggieville', 'Produce'),
(19, 'Drinks Depot', '5553000019', 'sales@drinksdepot.com', '1919 Liquid Ave, Beertown', 'Beverages'),
(20, 'Snack Station', '5553000020', 'info@snackstation.com', '2020 Crunch Rd, Snacktown', 'Snacks');
INSERT INTO Inventory (Inventory_ID, Item_Name, Category, Quantity, Supplier_ID, Purchase_Date) VALUES
(1, 'Tomatoes', 'Produce', 100, 1, '2025-03-01'),
(2, 'Lettuce', 'Produce', 80, 1, '2025-03-03'),
(3, 'Chicken Breast', 'Meat', 75, 2, '2025-03-05'),
(4, 'Ribeye', 'Meat', 60, 2, '2025-03-07'),
(5, 'Cheddar Cheese', 'Dairy', 40, 3, '2025-03-09'),
(6, 'Whole Milk', 'Dairy', 80, 3, '2025-03-11'),
(7, 'Cola', 'Beverages', 120, 4, '2025-03-13'),
(8, 'Orange Juice', 'Beverages', 90, 4, '2025-03-15'),
(9, 'Flour', 'Baking', 200, 5, '2025-03-17'),
(10, 'Sugar', 'Baking', 150, 5, '2025-03-19'),
(11, 'Organic Spinach', 'Produce', 70, 6, '2025-03-21'),
(12, 'Salmon Fillet', 'Seafood', 50, 7, '2025-03-23'),
(13, 'Black Pepper', 'Spices', 30, 8, '2025-03-25'),
(14, 'Quinoa', 'Grains', 100, 9, '2025-03-27'),
(15, 'Sparkling Water', 'Beverages', 110, 10, '2025-03-29'),
(16, 'Mozzarella', 'Dairy', 60, 11, '2025-03-31'),
(17, 'Basil', 'Spices', 40, 12, '2025-04-02'),
(18, 'Organic Carrots', 'Produce', 90, 13, '2025-04-04'),
(19, 'Pork Chops', 'Meat', 55, 14, '2025-04-06'),
(20, 'Brown Rice', 'Grains', 120, 17, '2025-04-08');
INSERT INTO Payments (Payment_ID, Order_ID, Amount_Paid, Payment_Date, Payment_Mode) VALUES
(1, 1, 45.00, '2025-04-01', 'Credit Card'),
(2, 2, 90.00, '2025-04-02', 'Debit Card'),
(3, 3, 60.00, '2025-04-03', 'Cash'),
(4, 4, 30.00, '2025-04-04', 'Credit Card'),
(5, 5, 120.00, '2025-04-05', 'Debit Card'),
(6, 6, 55.00, '2025-04-06', 'Cash'),
(7, 7, 75.00, '2025-04-07', 'Credit Card'),
(8, 8, 65.00, '2025-04-08', 'Debit Card'),
(9, 9, 80.00, '2025-04-09', 'Cash'),
(10, 10, 100.00, '2025-04-10', 'Credit Card'),
(11, 11, 42.00, '2025-04-11', 'Debit Card'),
(12, 12, 68.00, '2025-04-12', 'Cash'),
(13, 13, 95.00, '2025-04-13', 'Credit Card'),
(14, 14, 50.00, '2025-04-14', 'Debit Card'),
(15, 15, 110.00, '2025-04-15', 'Cash'),
(16, 16, 78.00, '2025-04-16', 'Credit Card'),
(17, 17, 88.00, '2025-04-17', 'Debit Card'),
(18, 18, 66.00, '2025-04-18', 'Cash'),
(19, 19, 52.00, '2025-04-19', 'Credit Card'),
(20, 20, 99.00, '2025-04-20', 'Debit Card');
